Company,1 Day Forecast,3 Day Forecast,5 Day Forecast
AAPL,133.76361965778182,133.5229516437079,135.15882057220077
