Company,1 Day Forecast,3 Day Forecast,5 Day Forecast
GOOG,87.43666475706189,87.7348286012747,87.9374790101978
